,p53 residue,p53 atom,MDM2 residue,MDM2 atom,$r_{ij}^0$ / nm
1,GLU17,CD,HIS73,CD2,0.40671557
2,GLU17,CD,LYS94,CE,0.42653865
3,GLU17,CD,LYS94,NZ,0.42992684
4,GLU17,OE1,HIS73,N,0.42671472
5,GLU17,OE1,HIS73,CB,0.37322372
6,GLU17,OE1,HIS73,CG,0.3845275
7,GLU17,OE1,HIS73,CD2,0.34370422
8,GLU17,OE1,LYS94,CD,0.44519213
9,GLU17,OE1,LYS94,CE,0.3106867
10,GLU17,OE1,LYS94,NZ,0.34042075
11,GLU17,OE2,LYS70,O,0.43893012
12,GLU17,OE2,GLN71,CA,0.41262054
13,GLU17,OE2,GLN71,C,0.40628868
14,GLU17,OE2,GLN72,N,0.3520653
15,GLU17,OE2,GLN72,CA,0.4225437
16,GLU17,OE2,GLN72,CB,0.42356268
17,GLU17,OE2,HIS73,N,0.40951967
18,GLU17,OE2,HIS73,CD2,0.39352974
19,GLU17,C,GLN72,CB,0.44828305
20,GLU17,O,GLN72,N,0.44587916
21,GLU17,O,GLN72,CA,0.44883063
22,GLU17,O,GLN72,CB,0.3492936
23,GLU17,O,GLN72,CG,0.35056713
24,GLU17,O,GLN72,CD,0.4426422
25,THR18,CA,GLN72,CB,0.39709383
26,THR18,CA,GLN72,CG,0.4013224
27,THR18,CA,GLN72,CD,0.40323287
28,THR18,CA,GLN72,OE1,0.35993648
29,THR18,CB,GLN72,CD,0.44244424
30,THR18,CB,GLN72,OE1,0.38029233
31,THR18,C,GLN72,CB,0.38294262
32,THR18,C,GLN72,CG,0.43908507
33,THR18,C,GLN72,CD,0.44590586
34,THR18,C,GLN72,OE1,0.37863874
35,PHE19,N,GLN72,CB,0.3397069
36,PHE19,N,GLN72,CG,0.4064285
37,PHE19,N,GLN72,CD,0.38987496
38,PHE19,N,GLN72,OE1,0.30169833
39,PHE19,N,GLN72,O,0.43914992
40,PHE19,CA,GLN72,CB,0.4005875
41,PHE19,CA,GLN72,OE1,0.39640734
42,PHE19,CA,GLN72,O,0.3935243
43,PHE19,CB,TYR67,CB,0.44658685
44,PHE19,CB,TYR67,CG,0.40762493
45,PHE19,CB,TYR67,CD1,0.4456691
46,PHE19,CB,TYR67,CD2,0.40817645
47,PHE19,CB,TYR67,CE2,0.44765523
48,PHE19,CB,GLN72,CB,0.4315072
49,PHE19,CB,GLN72,OE1,0.38268864
50,PHE19,CB,GLN72,O,0.3919438
51,PHE19,CG,MET62,CG,0.4430647
52,PHE19,CG,TYR67,CB,0.44339958
53,PHE19,CG,TYR67,CG,0.42874625
54,PHE19,CG,TYR67,CD2,0.40274084
55,PHE19,CG,GLN72,O,0.42619452
56,PHE19,CD1,ILE61,CG2,0.44929856
57,PHE19,CD1,TYR67,CB,0.4141413
58,PHE19,CD1,TYR67,CG,0.447781
59,PHE19,CD1,TYR67,CD2,0.44376096
60,PHE19,CD1,GLN72,O,0.36328858
61,PHE19,CD1,VAL75,CG2,0.43060005
62,PHE19,CD1,VAL93,CG1,0.41402045
63,PHE19,CE1,ILE61,CB,0.44969332
64,PHE19,CE1,ILE61,CG2,0.37947026
65,PHE19,CE1,ILE61,CD,0.4341756
66,PHE19,CE1,VAL75,CG2,0.38461807
67,PHE19,CE1,VAL93,CG1,0.35701132
68,PHE19,CZ,GLY58,O,0.4447471
69,PHE19,CZ,ILE61,CB,0.37126106
70,PHE19,CZ,ILE61,CG2,0.34697694
71,PHE19,CZ,ILE61,CG1,0.43207207
72,PHE19,CZ,ILE61,CD,0.3753756
73,PHE19,CD2,MET62,CG,0.32968062
74,PHE19,CD2,MET62,SD,0.41502568
75,PHE19,CD2,MET62,CE,0.3763842
76,PHE19,CD2,TYR67,CD2,0.43224654
77,PHE19,CE2,GLY58,CA,0.43640685
78,PHE19,CE2,GLY58,C,0.44666126
79,PHE19,CE2,GLY58,O,0.37239555
80,PHE19,CE2,ILE61,CB,0.39906058
81,PHE19,CE2,ILE61,CG2,0.3928851
82,PHE19,CE2,MET62,N,0.4262037
83,PHE19,CE2,MET62,CG,0.36456642
84,PHE19,CE2,MET62,SD,0.4458729
85,PHE19,CE2,MET62,CE,0.36518586
86,SER20,CA,MET62,CE,0.42116946
87,SER20,CB,MET62,SD,0.41910905
88,SER20,CB,MET62,CE,0.41508454
89,SER20,OG,MET62,SD,0.32545555
90,SER20,OG,MET62,CE,0.3093684
91,LEU22,CA,VAL93,CG2,0.4354916
92,LEU22,CB,VAL93,CG2,0.33293042
93,LEU22,CG,HIS73,CA,0.4460818
94,LEU22,CG,HIS73,CB,0.4017672
95,LEU22,CG,VAL93,CG2,0.37985548
96,LEU22,CG,LYS94,CG,0.44772786
97,LEU22,CG,LYS94,CE,0.44769502
98,LEU22,CD1,LYS94,CE,0.44020948
99,LEU22,CD2,GLN72,CB,0.4382519
100,LEU22,CD2,GLN72,C,0.3958802
101,LEU22,CD2,GLN72,O,0.42144698
102,LEU22,CD2,HIS73,N,0.36754093
103,LEU22,CD2,HIS73,CA,0.37245914
104,LEU22,CD2,HIS73,CB,0.35984808
105,LEU22,CD2,VAL93,CG2,0.43587467
106,LEU22,C,VAL93,CG2,0.41329393
107,LEU22,O,VAL93,CG2,0.43228668
108,TRP23,N,VAL93,CG2,0.43938106
109,TRP23,CG,GLY58,CA,0.44916373
110,TRP23,CD1,LEU54,O,0.3961797
111,TRP23,CD1,GLY58,CA,0.3982316
112,TRP23,NE1,LEU54,CA,0.4286391
113,TRP23,NE1,LEU54,CB,0.42379445
114,TRP23,NE1,LEU54,C,0.37506157
115,TRP23,NE1,LEU54,O,0.28310135
116,TRP23,NE1,GLY58,N,0.37900972
117,TRP23,NE1,GLY58,CA,0.34913692
118,TRP23,CE2,LEU54,C,0.44912365
119,TRP23,CE2,LEU54,O,0.35694692
120,TRP23,CE2,GLY58,N,0.39771426
121,TRP23,CE2,GLY58,CA,0.3744771
122,TRP23,CD2,GLY58,CA,0.4352382
123,TRP23,CE3,ILE61,CD,0.43334725
124,TRP23,CE3,VAL93,CB,0.4305485
125,TRP23,CE3,VAL93,CG1,0.38261172
126,TRP23,CZ3,ILE61,CD,0.38562438
127,TRP23,CZ3,PHE91,CE1,0.44057962
128,TRP23,CZ3,VAL93,CG1,0.42774296
129,TRP23,CZ3,ILE99,CG2,0.4287145
130,TRP23,CZ2,LEU54,CA,0.43930012
131,TRP23,CZ2,LEU54,CD2,0.4101431
132,TRP23,CZ2,LEU54,C,0.44782603
133,TRP23,CZ2,LEU54,O,0.36793008
134,TRP23,CZ2,LEU57,CB,0.40720266
135,TRP23,CZ2,LEU57,CG,0.39968294
136,TRP23,CZ2,LEU57,CD2,0.42301986
137,TRP23,CZ2,LEU57,C,0.4178655
138,TRP23,CZ2,GLY58,N,0.39358804
139,TRP23,CZ2,GLY58,CA,0.41207153
140,TRP23,CH2,LEU57,CG,0.41035447
141,TRP23,CH2,LEU57,CD2,0.42117006
142,TRP23,CH2,ILE61,CD,0.40419793
143,TRP23,CH2,ILE99,CG2,0.44222662
144,LEU25,CB,HIS96,CE1,0.41282105
145,LEU25,CB,HIS96,NE2,0.40951005
146,LEU25,C,HIS96,ND1,0.44803202
147,LEU25,C,HIS96,CE1,0.39155623
148,LEU25,C,HIS96,NE2,0.41021162
149,LEU25,O,HIS96,ND1,0.37967348
150,LEU25,O,HIS96,CG,0.405581
151,LEU25,O,HIS96,CE1,0.3268421
152,LEU25,O,HIS96,NE2,0.3169466
153,LEU25,O,HIS96,CD2,0.36865392
154,LEU26,N,HIS96,CE1,0.44747844
155,LEU26,CA,HIS96,ND1,0.4376405
156,LEU26,CB,LEU54,CD1,0.4426823
157,LEU26,CD1,LEU54,CD2,0.38815334
158,LEU26,CD1,ILE99,CG2,0.42617878
159,LEU26,CD2,VAL93,O,0.35700512
160,LEU26,CD2,HIS96,ND1,0.33600262
161,LEU26,CD2,HIS96,CG,0.4442447
162,LEU26,CD2,HIS96,CE1,0.38489285
163,LEU26,CD2,ILE99,CB,0.4409825
164,LEU26,CD2,ILE99,CG2,0.44612893
165,LEU26,CD2,ILE99,CG1,0.43801445
166,LEU26,O,LEU54,CD1,0.417988
167,PRO27,CD,HIS96,CB,0.4337079
168,PRO27,CD,TYR100,CD1,0.42491877
169,PRO27,CB,TYR100,CG,0.44078603
170,PRO27,CB,TYR100,CD1,0.3674695
171,PRO27,CB,TYR100,CE1,0.3703202
172,PRO27,CB,TYR100,CZ,0.44517314
173,PRO27,CG,TYR100,CG,0.44724864
174,PRO27,CG,TYR100,CD1,0.408799
175,PRO27,C,MET50,CE,0.44087926
176,PRO27,C,LEU54,CD1,0.39714208
177,PRO27,C,TYR100,CE1,0.43623525
178,PRO27,O,MET50,CE,0.3292583
179,PRO27,O,LEU54,CG,0.43642136
180,PRO27,O,LEU54,CD1,0.32441348
181,PRO27,O,TYR100,CD1,0.38970134
182,PRO27,O,TYR100,CE1,0.36285794
183,GLU28,N,LEU54,CD1,0.42312628
184,GLU28,CA,LYS51,CG,0.43501076
185,GLU28,CA,LEU54,CD1,0.37980986
186,GLU28,CB,LYS51,CG,0.3676134
187,GLU28,CB,LYS51,CD,0.43535385
188,GLU28,CB,LYS51,CE,0.39385515
189,GLU28,CG,LYS51,CE,0.40398616
190,GLU28,CD,LYS51,CE,0.408292
191,GLU28,OE1,LYS51,CE,0.44288084
192,GLU28,OE2,LYS51,CE,0.43663806
193,GLU28,C,MET50,CB,0.37386587
194,GLU28,C,MET50,CE,0.42629904
195,GLU28,C,LYS51,N,0.4419411
196,GLU28,C,LYS51,CG,0.41133136
197,GLU28,O,MET50,CA,0.40365648
198,GLU28,O,MET50,CB,0.32490966
199,GLU28,O,MET50,CG,0.4437919
200,GLU28,O,MET50,C,0.3792706
201,GLU28,O,LYS51,N,0.34049588
202,GLU28,O,LYS51,CA,0.39771846
203,GLU28,O,LYS51,CB,0.41154405
204,GLU28,O,LYS51,CG,0.31630304
205,GLU28,O,LYS51,CD,0.42137575
206,GLU28,O,LYS51,CE,0.4089567
207,ASN29,N,MET50,CB,0.3846205
208,ASN29,N,MET50,CG,0.43412566
209,ASN29,N,MET50,CE,0.4249673
210,ASN29,CA,THR26,OG1,0.3811032
211,ASN29,CA,THR26,CG2,0.42321524
212,ASN29,CA,MET50,CB,0.34674275
213,ASN29,CA,MET50,CG,0.3820004
214,ASN29,CB,THR26,OG1,0.4091274
215,ASN29,CB,THR26,CG2,0.389877
216,ASN29,CG,GLU25,OE1,0.3954326
217,ASN29,CG,THR26,OG1,0.42578965
218,ASN29,CG,THR26,CG2,0.4455166
219,ASN29,OD1,GLU25,CB,0.40081283
220,ASN29,OD1,GLU25,CD,0.40951192
221,ASN29,OD1,GLU25,OE1,0.3442921
222,ASN29,OD1,THR26,OG1,0.37761167
223,ASN29,OD1,MET50,CB,0.4221688
224,ASN29,OD1,LYS51,CG,0.42017466
225,ASN29,OD1,LYS51,CE,0.40413427
226,ASN29,ND2,GLU25,OE1,0.36201996
227,ASN29,ND2,LYS51,CE,0.4473659
228,ASN29,C,THR26,OG1,0.42356697
229,ASN29,C,THR26,CG2,0.4218859
230,ASN29,C,MET50,CB,0.39788705
231,ASN29,C,MET50,CG,0.37309533
232,ASN29,C,MET50,CE,0.4490788
233,ASN29,C,TYR100,CE1,0.41837093
234,ASN29,C,TYR100,CZ,0.40188488
235,ASN29,C,TYR100,OH,0.30691925
236,ASN29,C,TYR104,OH,0.4416149
237,ASN29,O,THR26,CG2,0.4258681
238,ASN29,O,TYR100,CZ,0.41896093
239,ASN29,O,TYR100,OH,0.31587982
